{
  "Cairncross House": { "coords": [55.865162, -4.287977] },
  "Firhill Court": { "coords": [55.882404, -4.270483] },
  "Murano Street Student Village": { "coords": [55.882637, -4.276915] },
  "Queen Margaret Residences": { "coords": [55.884657, -4.296980] },
  "Winton Drive": { "coords": [55.885432, -4.299605] },
  "Wolfson Hall": { "coords": [55.902065, -4.313593] },
  "Laurieknowe Hall": { "coords": [55.902065, -4.313636] }
}
